{
    "loss": 2.320408821105957,
    "accuracy": 0.9136690497398376
}