{
    "loss": 3.6715004444122314,
    "accuracy": 0.8705036044120789
}