{
    "loss": 1.384044885635376,
    "accuracy": 0.9568345546722412
}