{
    "loss": 3.679011583328247,
    "accuracy": 0.6690647602081299
}